Date,Time,Lat,Long,COPE,TAPE,KEPE,WTSH,BUSH,SOSH,FFSH,BLND,BRND,RFBO,BRBO,LEFR,COTE,GBTE,WTTE,UKN_Petrel,UKN_Shear,UNKN,WFSP,Notes
6/05/2025,14:00:00,17.883432,179.133554,,,,2,,,,2,,,,,,,,,,,,
6/05/2025,13:00:00,17.883432,179.133554,,,,7,,,,,,1,,,,,,,,,,
13/05/2025,08:00:00,18.02611,179.17722,,,,6,,,,3,1,1,,1,,,,,,,,
15/05/2025,09:00:00,18.04278,179.17556,,,,4,,1,,1,,5,1,1,,,,,,,,
13/05/2025,10:00:00,18.07194,179.18056,,,,,,1,,17,1,1,1,,,,,,,,,
13/05/2025,14:00:00,18.07306,179.17611,,,,1,,4,,8,,1,,,,,1,,1,,,
13/05/2025,09:00:00,18.07778,179.17,,,1,7,,3,,,,,,,,,,,,,1,
13/05/2025,11:00:00,18.10222,179.20917,,,,,,1,,,,1,,,,,,,,,,
13/05/2025,13:00:00,18.10756,179.2013,,,,4,,9,,100,10,,,1,,,,,,,,
13/05/2025,15:00:00,18.11889,179.25528,,,,3,,6,,,,,,,,,,,4,,,
15/05/2025,10:00:00,18.12389,179.22528,,1,,1,,,,,,2,,,,,,,,,,
14/05/2025,16:00:00,18.12583,179.27306,,,,1,,,,6,,4,1,,,5,,,,,,
15/05/2025,16:00:00,18.12667,179.26778,,,,,,,,2,,4,1,,,,,,,,,
14/05/2025,12:00:00,18.13194,179.26111,,,,3,,,,100,,19,7,,,,,,,,,
13/05/2025,12:00:00,18.13417,179.23556,,,,,,4,,,,,,,,,,,,,,
9/05/2025,15:00:00,18.135,179.465,,,,,,,,,,1,,,,,,,,,,
13/05/2025,16:00:00,18.13694,179.27361,,,,10,,3,2,32,,2,2,,,,,,,,,
14/05/2025,15:00:00,18.14083,179.29417,,1,,9,1,,,1,,,,,,,,,,,,
14/05/2025,13:00:00,18.14083,179.25611,,,,5,,,,,,,,,,,,,,,,
15/05/2025,12:00:00,18.14417,179.30472,,,,3,,,,1,,,,,,,,,,,,
15/05/2025,13:00:00,18.14472,179.29667,,,,7,,,,10,,12,4,,,,,,,,,
14/05/2025,14:00:00,18.1475,179.3225,,,,2,,,,4,1,3,,,,,,,,,,
7/05/2025,13:00:00,18.15139,179.20194,,1,,,,,,3,1,3,,,,,,,,,,
14/05/2025,10:00:00,18.15167,179.28806,,,,3,,,,5,,,,,,,,,,,,
15/05/2025,14:00:00,18.15333,179.32722,,,,3,,,,19,,31,10,5,,,1,,,,,
15/05/2025,15:00:00,18.15389,179.32,,,,2,,,,,,8,1,,,,,,,,,
15/05/2025,11:00:00,18.15583,179.30167,,,,1,,,,2,,8,,1,,,,,,,,
14/05/2025,08:00:00,18.15667,179.35,,,,15,,,,52,,10,3,,,,,,,,,
7/05/2025,12:00:00,18.15667,179.20222,,,,5,,,,,,,,1,,,,2,,2,,
14/05/2025,09:00:00,18.17417,179.32972,,,,11,,,,23,,9,2,,,,,,,,,
9/05/2025,16:00:00,18.18389,179.32139,,,,,,,,2,,2,,,,,,,,,,
8/05/2025,09:00:00,18.18556,179.34306,,,,,,,,3,,,,,,,,2,,,,potential FJPE sighting
8/05/2025,10:00:00,18.19694,179.44917,,,,,,,,,,,,,,,,,,,,
9/05/2025,13:00:00,18.20417,179.315,,,,1,,,1,1,,,,,,,,,,,,
7/05/2025,10:00:00,18.2125,179.15972,,,,3,,,,4,,4,,1,,,,,,,,
8/05/2025,16:00:00,18.21972,179.27667,,1,,,,,,,,,,,,,,,,,,
11/05/2025,17:00:00,18.22028,179.35083,,,,,,1,,30,4,7,5,3,,,,,,,,
8/05/2025,14:00:00,18.24167,179.25139,,,,,,,,,1,2,,1,,,,,,,,
7/05/2025,16:00:00,18.25083,179.17722,,2,1,,,,,,,,,,,,,,,,,
8/05/2025,15:00:00,18.25444,179.29361,1,,,,,,,7,,1,,,,,,1,,2,,
9/05/2025,10:00:00,18.26278,179.31611,1,1,,,,,1,3,,,,,,,,,,,,
7/05/2025,15:00:00,18.27806,179.27972,1,1,,,,,,,,,,,,,,1,,,,Dark petrel
8/05/2025,13:00:00,18.28472,179.25611,,1,,2,,,,,,1,,,,,,,,,,
9/05/2025,12:00:00,18.28806,179.53889,,,,,,1,,5,1,,,,,,,,,,,
14/05/2025,11:00:00,18.28972,179.279,,2,,9,,,,2,,,,,,,,,,,,
9/05/2025,14:00:00,18.30889,179.42083,,,,1,,,,15,4,,,,3,,,,,,,
9/05/2025,11:00:00,18.31861,179.51667,,,1,1,,,,,,1,,,,,,,,,,
8/05/2025,12:00:00,18.32111,179.26213,,1,,1,,,,,,,,,,,,,,,,
11/05/2025,16:00:00,18.33472,179.21333,,,,,,,,4,,1,,,,,,,1,,,
9/05/2025,09:00:00,18.33972,179.29944,,,,2,,1,,,,1,,,,,,,,,,
7/05/2025,14:00:00,18.35139,179.18667,,,,,,,,,,1,,,,,,,,,,
8/05/2025,11:00:00,18.35972,179.27694,,,,1,,,,,,,,,,,,1,,,,
7/05/2025,11:00:00,18.39722,179.21222,,,,,,,,,,,,2,,,,,,,,
11/05/2025,15:00:00,18.44,179.23083,,,,,,,,,,,,,,,,,,,,
11/05/2025,12:00:00,18.48472,179.18472,,,,,,,,,,,,,,,,,,,,
11/05/2025,13:00:00,18.49625,179.19656,1,,,,,,,,,,,,,,,,,,,
11/05/2025,14:00:00,18.50861,179.21028,,,,,,,,,,,,,,,,,1,,,
11/05/2025,11:00:00,18.52444,179.15833,,,,1,,,,2,1,,,,,,,,,,,
11/05/2025,10:00:00,18.58833,179.12083,,,,,,,,,,,,,,,,,,,,
11/05/2025,09:00:00,18.62222,179.14389,1,1,,,,,,11,,,,,,,,,,,,
